{
    "faceobj_14": {
        "motion_fb": 0.35025984048843384,
        "motion_lk": 7.20788094284188
    },
    "singleface_3": {
        "motion_fb": 0.038793787360191345,
        "motion_lk": 0.7310104500534188
    }
}