{
    "total_score": 0.6356867755593165,
    "aes_score": 0.3343864281972249,
    "motion_smoothness": 0.9492753623188406,
    "facesim_cur": 0.9420197624713182,
    "gme_score": 0.6767578125,
    "nexus_score": 0.260162353515625,
    "natural_score": 0.6666666666666667
}