{
    "total_score": 0.562269546381486,
    "aes_score": 0.44594517904800374,
    "motion_smoothness": 0.8693211435903602,
    "motion_amplitude": 0.4160163568750958,
    "facesim_cur": 0.4010164068564032,
    "gme_score": 0.6620000359470859,
    "nexus_score": 0.4588851569398767,
    "natural_score": 0.745910020449898
}