{
    "total_score": 0.5450864321738482,
    "aes_score": 0.3343864281972249,
    "motion_score": 0.1945268139243126,
    "facesim_cur": 0.9420197624713182,
    "gme_score": 0.6767578125,
    "nexus_score": 0.260009765625,
    "natural_score": 0.6666666666666667
}